file,optimum,bnb_cost,bnb_time,bnb_mem,bnb_ratio,tat_cost,tat_time,tat_mem,tat_ratio,christ_cost,christ_time,christ_mem,christ_ratio
eil101,629,NA,NA,NA,NA,830.5422075548881,0.04594016075134277,2052.9638671875,1.3204,723.6014002629851,0.348008394241333,2241.578125,1.1504
eil51,426,NA,NA,NA,NA,640.9012229251007,0.008990049362182617,433.453125,1.5045,489.289903585494,0.04092121124267578,519.966796875,1.1486
st70,675,NA,NA,NA,NA,873.3514856717352,0.019432783126831055,775.5234375,1.2939,759.1699477625732,0.14838290214538574,1088.373046875,1.1247
eil76,538,NA,NA,NA,NA,707.1533198611806,0.021908998489379883,921.3125,1.3144,620.6683013808204,0.13895606994628906,1138.0078125,1.1537
